Time,URL,Response
"6/7/26, 5:47 PM",https://creativeblindsdrapes.com/sheer-curtains.php,Not found (404)
"6/7/26, 12:50 PM",https://creativeblindsdrapes.com/assets/products/fonluk/thumbnails/blackout_satin.webp,Not found (404)
"6/7/26, 7:31 AM",https://creativeblindsdrapes.com/drapes-curtains.php,Not found (404)
"6/7/26, 5:03 AM",https://creativeblindsdrapes.com/sheer-curtains.php,Not found (404)
"6/7/26, 12:11 AM",https://creativeblindsdrapes.com/assets/products/fonluk/thumbnails/leggero.webp,Not found (404)
"6/6/26, 8:10 PM",https://creativeblindsdrapes.com/assets/products/fonluk/thumbnails/paros.webp,Not found (404)
"6/6/26, 3:33 PM",https://creativeblindsdrapes.com/drapes-curtains.php,Not found (404)
"6/6/26, 2:32 PM",https://creativeblindsdrapes.com/assets/products/fonluk/thumbnails/gabbia.webp,Not found (404)
"6/6/26, 5:53 AM",https://creativeblindsdrapes.com/apple-app-site-association,Not found (404)
"6/6/26, 5:31 AM",https://creativeblindsdrapes.com/.well-known/apple-app-site-association,Not found (404)
"6/6/26, 3:23 AM",https://creativeblindsdrapes.com/drapes-curtains.php,Not found (404)
"6/5/26, 5:08 PM",https://creativeblindsdrapes.com/assets/products/fonluk/thumbnails/belezza.webp,Not found (404)
"6/4/26, 7:02 PM",https://creativeblindsdrapes.com/assets/products/fonluk/thumbnails/leggero.webp,Not found (404)
"6/3/26, 2:09 PM",https://creativeblindsdrapes.com/assets/products/fonluk/thumbnails/37310.webp,Not found (404)
"6/3/26, 10:22 AM",https://creativeblindsdrapes.com/assets/products/fonluk/thumbnails/belezza.webp,Not found (404)
"6/3/26, 3:37 AM",https://creativeblindsdrapes.com/.well-known/apple-app-site-association,Not found (404)
"6/3/26, 3:37 AM",https://creativeblindsdrapes.com/apple-app-site-association,Not found (404)
"6/2/26, 11:48 PM",https://creativeblindsdrapes.com/assets/products/fonluk/thumbnails/blackout_satin.webp,Not found (404)
"5/30/26, 12:09 PM",https://creativeblindsdrapes.com/apple-app-site-association,Not found (404)
"5/30/26, 11:51 AM",https://creativeblindsdrapes.com/.well-known/apple-app-site-association,Not found (404)
"5/25/26, 6:02 PM",https://creativeblindsdrapes.com/.well-known/apple-app-site-association,Not found (404)
"5/25/26, 5:55 PM",https://creativeblindsdrapes.com/apple-app-site-association,Not found (404)
"5/18/26, 10:11 AM",https://creativeblindsdrapes.com/assets/products/tuller/thumbnails/bonita.webp,Not found (404)
"5/18/26, 10:11 AM",https://creativeblindsdrapes.com/assets/products/tuller/thumbnails/graciana.webp,Not found (404)
"5/18/26, 10:11 AM",https://creativeblindsdrapes.com/assets/products/tuller/thumbnails/fiona.webp,Not found (404)
"5/18/26, 10:11 AM",https://creativeblindsdrapes.com/assets/products/tuller/thumbnails/foglia.webp,Not found (404)
"5/18/26, 10:11 AM",https://creativeblindsdrapes.com/assets/products/tuller/thumbnails/lima.webp,Not found (404)
"5/18/26, 10:11 AM",https://creativeblindsdrapes.com/assets/products/tuller/thumbnails/istanbul.webp,Not found (404)
"5/18/26, 10:11 AM",https://creativeblindsdrapes.com/assets/products/tuller/thumbnails/acero.webp,Not found (404)
"5/18/26, 10:11 AM",https://creativeblindsdrapes.com/assets/products/tuller/thumbnails/bright_series.webp,Not found (404)
"5/18/26, 10:11 AM",https://creativeblindsdrapes.com/assets/products/tuller/thumbnails/natural.webp,Not found (404)
"5/18/26, 10:11 AM",https://creativeblindsdrapes.com/assets/products/tuller/thumbnails/luisa.webp,Not found (404)
"5/18/26, 10:11 AM",https://creativeblindsdrapes.com/assets/products/tuller/thumbnails/30366.webp,Not found (404)
"5/18/26, 10:11 AM",https://creativeblindsdrapes.com/assets/products/tuller/thumbnails/linum.webp,Not found (404)
"5/18/26, 10:11 AM",https://creativeblindsdrapes.com/assets/products/tuller/thumbnails/40488.webp,Not found (404)
"5/18/26, 10:11 AM",https://creativeblindsdrapes.com/assets/products/tuller/thumbnails/amara.webp,Not found (404)
"5/18/26, 10:11 AM",https://creativeblindsdrapes.com/assets/products/tuller/thumbnails/cosmic.webp,Not found (404)
"5/18/26, 10:11 AM",https://creativeblindsdrapes.com/assets/products/tuller/thumbnails/marmol.webp,Not found (404)
"5/18/26, 10:11 AM",https://creativeblindsdrapes.com/assets/products/tuller/thumbnails/juliet.webp,Not found (404)
"5/18/26, 10:11 AM",https://creativeblindsdrapes.com/assets/products/tuller/thumbnails/emily.webp,Not found (404)
"5/18/26, 10:11 AM",https://creativeblindsdrapes.com/assets/products/tuller/thumbnails/merlot.webp,Not found (404)
"5/18/26, 10:11 AM",https://creativeblindsdrapes.com/assets/products/tuller/thumbnails/chelsea.webp,Not found (404)
"5/18/26, 10:11 AM",https://creativeblindsdrapes.com/assets/products/tuller/thumbnails/cristallo.webp,Not found (404)
"5/18/26, 10:11 AM",https://creativeblindsdrapes.com/assets/products/tuller/thumbnails/lily.webp,Not found (404)
"5/18/26, 10:11 AM",https://creativeblindsdrapes.com/assets/products/tuller/thumbnails/mariana.webp,Not found (404)
"5/18/26, 10:11 AM",https://creativeblindsdrapes.com/assets/products/tuller/thumbnails/logorante.webp,Not found (404)
"5/18/26, 10:11 AM",https://creativeblindsdrapes.com/assets/products/tuller/thumbnails/new_bonita.webp,Not found (404)
"5/18/26, 10:11 AM",https://creativeblindsdrapes.com/assets/products/tuller/thumbnails/lite.webp,Not found (404)
"5/18/26, 10:11 AM",https://creativeblindsdrapes.com/assets/products/tuller/thumbnails/excellent.webp,Not found (404)
"5/18/26, 10:11 AM",https://creativeblindsdrapes.com/assets/products/tuller/thumbnails/miscela.webp,Not found (404)
"5/18/26, 10:11 AM",https://creativeblindsdrapes.com/assets/products/tuller/thumbnails/cherry.webp,Not found (404)
"5/18/26, 10:11 AM",https://creativeblindsdrapes.com/assets/products/tuller/thumbnails/chic.webp,Not found (404)
"5/18/26, 10:11 AM",https://creativeblindsdrapes.com/assets/products/tuller/thumbnails/icon.webp,Not found (404)
"5/18/26, 10:11 AM",https://creativeblindsdrapes.com/assets/products/tuller/thumbnails/mauro.webp,Not found (404)
"5/18/26, 10:11 AM",https://creativeblindsdrapes.com/assets/products/tuller/thumbnails/hueso.webp,Not found (404)
"5/18/26, 10:11 AM",https://creativeblindsdrapes.com/assets/products/tuller/thumbnails/organze.webp,Not found (404)
"5/18/26, 10:11 AM",https://creativeblindsdrapes.com/assets/products/tuller/thumbnails/demetra.webp,Not found (404)
"5/18/26, 10:11 AM",https://creativeblindsdrapes.com/assets/products/tuller/thumbnails/brilante.webp,Not found (404)
"5/18/26, 10:11 AM",https://creativeblindsdrapes.com/assets/products/tuller/thumbnails/casandra.webp,Not found (404)
"5/18/26, 10:11 AM",https://creativeblindsdrapes.com/assets/products/tuller/thumbnails/maya.webp,Not found (404)
"5/18/26, 10:11 AM",https://creativeblindsdrapes.com/assets/products/tuller/thumbnails/batista.webp,Not found (404)
"5/18/26, 10:11 AM",https://creativeblindsdrapes.com/assets/products/tuller/thumbnails/carolina.webp,Not found (404)
"5/18/26, 10:11 AM",https://creativeblindsdrapes.com/assets/products/tuller/thumbnails/patricia.webp,Not found (404)
"5/18/26, 10:11 AM",https://creativeblindsdrapes.com/assets/products/tuller/thumbnails/nautica.webp,Not found (404)
"5/18/26, 10:11 AM",https://creativeblindsdrapes.com/assets/products/tuller/thumbnails/207001.webp,Not found (404)
"5/18/26, 10:11 AM",https://creativeblindsdrapes.com/assets/products/tuller/thumbnails/deep.webp,Not found (404)
"5/17/26, 8:18 PM",https://creativeblindsdrapes.com/apple-app-site-association,Not found (404)
"5/17/26, 7:14 PM",https://creativeblindsdrapes.com/.well-known/apple-app-site-association,Not found (404)
"5/14/26, 7:23 AM",https://creativeblindsdrapes.com/assets/images/products/fonluk/thumbnails/amsterdam.webp,Not found (404)
"5/14/26, 7:23 AM",https://creativeblindsdrapes.com/assets/products/fonluk/thumbnails/escamoso_panel.webp,Not found (404)
"5/14/26, 7:23 AM",https://creativeblindsdrapes.com/assets/products/fonluk/thumbnails/blackout_satin.webp,Not found (404)
"5/14/26, 7:23 AM",https://creativeblindsdrapes.com/assets/products/fonluk/thumbnails/astar_dimout.webp,Not found (404)
"5/14/26, 7:23 AM",https://creativeblindsdrapes.com/assets/products/fonluk/thumbnails/deco_panel.webp,Not found (404)
"5/14/26, 7:23 AM",https://creativeblindsdrapes.com/assets/products/tuller/thumbnails/new_bonita.webp,Not found (404)
"5/14/26, 7:23 AM",https://creativeblindsdrapes.com/assets/products/fonluk/thumbnails/biancheria.webp,Not found (404)
"5/14/26, 7:23 AM",https://creativeblindsdrapes.com/assets/products/fonluk/thumbnails/amsterdam.webp,Not found (404)
"5/14/26, 7:23 AM",https://creativeblindsdrapes.com/assets/products/tuller/thumbnails/casandra.webp,Not found (404)
"5/14/26, 7:23 AM",https://creativeblindsdrapes.com/assets/products/tuller/thumbnails/patricia.webp,Not found (404)
"5/14/26, 7:23 AM",https://creativeblindsdrapes.com/assets/products/tuller/thumbnails/istanbul.webp,Not found (404)
"5/14/26, 7:23 AM",https://creativeblindsdrapes.com/assets/products/tuller/thumbnails/graciana.webp,Not found (404)
"5/14/26, 7:23 AM",https://creativeblindsdrapes.com/assets/products/fonluk/thumbnails/chenille.webp,Not found (404)
"5/14/26, 7:23 AM",https://creativeblindsdrapes.com/assets/products/fonluk/thumbnails/especial.webp,Not found (404)
"5/14/26, 7:23 AM",https://creativeblindsdrapes.com/assets/products/fonluk/thumbnails/elegante.webp,Not found (404)
"5/14/26, 7:23 AM",https://creativeblindsdrapes.com/assets/products/tuller/thumbnails/carolina.webp,Not found (404)
"5/14/26, 7:23 AM",https://creativeblindsdrapes.com/assets/products/fonluk/thumbnails/estrella.webp,Not found (404)
"5/14/26, 7:23 AM",https://creativeblindsdrapes.com/assets/products/fonluk/thumbnails/eternity.webp,Not found (404)
"5/14/26, 7:23 AM",https://creativeblindsdrapes.com/assets/products/tuller/thumbnails/brilante.webp,Not found (404)
"5/14/26, 7:23 AM",https://creativeblindsdrapes.com/assets/products/fonluk/thumbnails/damasco.webp,Not found (404)
"5/14/26, 7:23 AM",https://creativeblindsdrapes.com/assets/products/tuller/thumbnails/demetra.webp,Not found (404)
"5/14/26, 7:23 AM",https://creativeblindsdrapes.com/assets/products/tuller/thumbnails/chelsea.webp,Not found (404)
"5/14/26, 7:23 AM",https://creativeblindsdrapes.com/assets/products/fonluk/thumbnails/belinda.webp,Not found (404)
"5/14/26, 7:23 AM",https://creativeblindsdrapes.com/assets/products/tuller/thumbnails/mariana.webp,Not found (404)
"5/14/26, 7:23 AM",https://creativeblindsdrapes.com/assets/products/tuller/thumbnails/organze.webp,Not found (404)
"5/14/26, 7:23 AM",https://creativeblindsdrapes.com/assets/products/tuller/thumbnails/batista.webp,Not found (404)
"5/14/26, 7:23 AM",https://creativeblindsdrapes.com/assets/products/fonluk/thumbnails/diamond.webp,Not found (404)
"5/14/26, 7:23 AM",https://creativeblindsdrapes.com/assets/products/tuller/thumbnails/natural.webp,Not found (404)
"5/14/26, 7:23 AM",https://creativeblindsdrapes.com/assets/products/tuller/thumbnails/miscela.webp,Not found (404)
"5/14/26, 7:23 AM",https://creativeblindsdrapes.com/assets/products/fonluk/thumbnails/belezza.webp,Not found (404)
"5/14/26, 7:23 AM",https://creativeblindsdrapes.com/assets/products/tuller/thumbnails/merlot.webp,Not found (404)
"5/14/26, 7:23 AM",https://creativeblindsdrapes.com/assets/products/tuller/thumbnails/cosmic.webp,Not found (404)
"5/14/26, 7:23 AM",https://creativeblindsdrapes.com/assets/products/tuller/thumbnails/marmol.webp,Not found (404)
"5/14/26, 7:23 AM",https://creativeblindsdrapes.com/assets/products/tuller/thumbnails/juliet.webp,Not found (404)
"5/14/26, 7:23 AM",https://creativeblindsdrapes.com/assets/products/fonluk/thumbnails/canada.webp,Not found (404)
"5/14/26, 7:23 AM",https://creativeblindsdrapes.com/assets/products/fonluk/thumbnails/amanda.webp,Not found (404)
"5/14/26, 7:23 AM",https://creativeblindsdrapes.com/assets/products/tuller/thumbnails/bonita.webp,Not found (404)
"5/14/26, 7:23 AM",https://creativeblindsdrapes.com/assets/products/tuller/thumbnails/cherry.webp,Not found (404)
"5/14/26, 7:23 AM",https://creativeblindsdrapes.com/assets/products/fonluk/thumbnails/amalfi.webp,Not found (404)
"5/14/26, 7:23 AM",https://creativeblindsdrapes.com/assets/products/tuller/thumbnails/foglia.webp,Not found (404)
"5/14/26, 7:23 AM",https://creativeblindsdrapes.com/assets/products/fonluk/thumbnails/fermo.webp,Not found (404)
"5/14/26, 7:23 AM",https://creativeblindsdrapes.com/assets/products/tuller/thumbnails/acero.webp,Not found (404)
"5/14/26, 7:23 AM",https://creativeblindsdrapes.com/assets/products/fonluk/thumbnails/37310.webp,Not found (404)
"5/14/26, 7:23 AM",https://creativeblindsdrapes.com/assets/products/fonluk/thumbnails/edera.webp,Not found (404)
"5/14/26, 7:23 AM",https://creativeblindsdrapes.com/assets/products/fonluk/thumbnails/amour.webp,Not found (404)
"5/14/26, 7:23 AM",https://creativeblindsdrapes.com/assets/products/tuller/thumbnails/linum.webp,Not found (404)
"5/14/26, 7:22 AM",https://creativeblindsdrapes.com/assets/products/fonluk/thumbnails/borla.webp,Not found (404)
"5/14/26, 7:22 AM",https://creativeblindsdrapes.com/assets/products/fonluk/thumbnails/37318.webp,Not found (404)
"5/14/26, 7:22 AM",https://creativeblindsdrapes.com/assets/products/tuller/thumbnails/hueso.webp,Not found (404)
"5/14/26, 7:22 AM",https://creativeblindsdrapes.com/assets/products/tuller/thumbnails/fiona.webp,Not found (404)
"5/14/26, 7:22 AM",https://creativeblindsdrapes.com/assets/products/tuller/thumbnails/emily.webp,Not found (404)
"5/14/26, 7:22 AM",https://creativeblindsdrapes.com/assets/products/tuller/thumbnails/amara.webp,Not found (404)
"5/14/26, 7:22 AM",https://creativeblindsdrapes.com/assets/products/fonluk/thumbnails/37315.webp,Not found (404)
"5/14/26, 7:22 AM",https://creativeblindsdrapes.com/assets/products/fonluk/thumbnails/bella.webp,Not found (404)
"5/14/26, 7:22 AM",https://creativeblindsdrapes.com/assets/products/tuller/thumbnails/mauro.webp,Not found (404)
"5/14/26, 7:22 AM",https://creativeblindsdrapes.com/assets/products/tuller/thumbnails/luisa.webp,Not found (404)
"5/14/26, 7:22 AM",https://creativeblindsdrapes.com/assets/products/tuller/thumbnails/40488.webp,Not found (404)
"5/14/26, 7:22 AM",https://creativeblindsdrapes.com/assets/products/tuller/thumbnails/30366.webp,Not found (404)
"5/14/26, 7:22 AM",https://creativeblindsdrapes.com/assets/products/fonluk/thumbnails/favo.webp,Not found (404)
"5/14/26, 7:22 AM",https://creativeblindsdrapes.com/assets/products/tuller/thumbnails/lite.webp,Not found (404)
"5/14/26, 7:22 AM",https://creativeblindsdrapes.com/assets/products/tuller/thumbnails/icon.webp,Not found (404)
"5/14/26, 7:22 AM",https://creativeblindsdrapes.com/assets/products/tuller/thumbnails/maya.webp,Not found (404)
"5/14/26, 7:22 AM",https://creativeblindsdrapes.com/assets/products/tuller/thumbnails/chic.webp,Not found (404)
"5/14/26, 7:22 AM",https://creativeblindsdrapes.com/assets/products/tuller/thumbnails/deep.webp,Not found (404)
"5/14/26, 7:22 AM",https://creativeblindsdrapes.com/assets/products/tuller/thumbnails/lima.webp,Not found (404)
"5/14/26, 7:22 AM",https://creativeblindsdrapes.com/assets/products/tuller/thumbnails/lily.webp,Not found (404)
"5/14/26, 7:22 AM",https://creativeblindsdrapes.com/assets/products/tuller/thumbnails/logorante.webp,Not found (404)
"5/14/26, 7:22 AM",https://creativeblindsdrapes.com/assets/products/tuller/thumbnails/bright_series.webp,Not found (404)
"5/14/26, 7:22 AM",https://creativeblindsdrapes.com/assets/products/tuller/thumbnails/nautica.webp,Not found (404)
"5/14/26, 7:22 AM",https://creativeblindsdrapes.com/assets/products/tuller/thumbnails/cristallo.webp,Not found (404)
"5/14/26, 7:22 AM",https://creativeblindsdrapes.com/assets/products/tuller/thumbnails/excellent.webp,Not found (404)
"5/14/26, 7:22 AM",https://creativeblindsdrapes.com/assets/products/tuller/thumbnails/207001.webp,Not found (404)
"5/14/26, 1:42 AM",https://creativeblindsdrapes.com/.well-known/apple-app-site-association,Not found (404)
"5/14/26, 12:41 AM",https://creativeblindsdrapes.com/apple-app-site-association,Not found (404)
"5/9/26, 10:12 PM",https://creativeblindsdrapes.com/apple-app-site-association,Not found (404)
"5/9/26, 7:44 PM",https://creativeblindsdrapes.com/.well-known/apple-app-site-association,Not found (404)
"5/6/26, 6:25 PM",https://creativeblindsdrapes.com/apple-app-site-association,Not found (404)
"5/6/26, 6:06 PM",https://creativeblindsdrapes.com/.well-known/apple-app-site-association,Not found (404)
"4/29/26, 11:04 PM",https://creativeblindsdrapes.com/.well-known/apple-app-site-association,Not found (404)
"4/29/26, 10:48 PM",https://creativeblindsdrapes.com/apple-app-site-association,Not found (404)
"4/28/26, 5:43 PM",https://creativeblindsdrapes.com/products/adeko-window-treatments,Not found (404)
"4/28/26, 5:44 AM",https://creativeblindsdrapes.com/products/adeko-window-treatments,Not found (404)
"4/26/26, 8:15 PM",https://creativeblindsdrapes.com/apple-app-site-association,Not found (404)
"4/26/26, 7:47 PM",https://creativeblindsdrapes.com/.well-known/apple-app-site-association,Not found (404)
"4/25/26, 7:46 PM",https://creativeblindsdrapes.com/apple-app-site-association,Not found (404)
"4/25/26, 7:19 PM",https://creativeblindsdrapes.com/.well-known/apple-app-site-association,Not found (404)